Molecule,Order,XX,XY,XZ,YX,YY,YZ,ZX,ZY,ZZ,XX-YY,YY-ZZ,XX-ZZ,Anisotropy,Trace,Determinant,Eigenvalue1,Eigenvalue2,Eigenvalue3,EigenRange,Sweetness (logSw)
1-alpha-L-Rhamnopyranose,1,96.708384,0.895313328,0.996897547,0.895313328,89.1410762,0.227603102,0.996897547,0.227603102,87.1545643,7.567307799999995,1.9865118999999964,9.553819699999991,9.043478611911045,273.0040245,751169.376793771,87.04266903398336,89.04263430619524,96.91872115982136,9.876052125838001,-0.85
2-glycerol,2,57.3759764,0.383967672,0.429229098,0.383967672,50.8730629,0.187631943,0.429229098,0.187631943,49.2622864,6.502913499999998,1.6107765,8.113689999999998,7.513843808730807,157.5113257,143772.68310008335,49.22252039632239,50.86655153437199,57.42225376930559,8.199733372983204,-0.8
3-beta-D-Galactopyranose,3,107.017565,-0.818979065,1.32282134,-0.818979065,96.4983995,0.385721184,1.32282134,0.385721184,85.9215749,10.5191655,10.576824600000009,21.09599010000001,18.47943509369777,289.4375394,887070.897705052,85.82109590045371,96.45716800743381,107.15927549211247,21.338179591658758,-0.72
4-4-galactosyl-kojibiose,4,317.95251,-1.79665266,-5.93786229,-1.79665266,276.130279,-1.24409015,-5.93786229,-1.24409015,237.436307,41.822231000000045,38.693971999999974,80.51620300000002,70.60235477104668,831.519096,20835011.918939553,236.95265671783267,276.1100001049149,318.4564391772524,81.50378245941971,-0.66
6-beta-D-Xylofuranose,6,87.9508737,0.947552988,-0.858426405,0.947552988,75.7583915,0.523680299,-0.858426405,0.523680299,76.0362214,12.1924822,-0.2778299000000004,11.9146523,12.291190193816131,239.7454866,506481.5473623373,75.2277678843042,76.43828925200138,88.07942946369444,12.851661579390239,-0.64
7-lactulosucrose,7,318.902492,4.22645114,-5.55001727,4.22645114,258.475523,1.58419241,-5.55001727,1.58419241,237.98255,60.426968999999985,20.492973000000006,80.91994199999999,73.91369635377838,815.360565,19603454.40663322,237.43610736813125,258.3665138805344,319.5579437513345,82.12183638320326,-0.6
8-arabitol,8,94.9203478,-1.36969715,0.56319993,-1.36969715,81.4487474,0.907381435,0.56319993,0.907381435,76.2605225,13.4716004,5.188224900000009,18.65982530000001,16.951259661917426,252.62961769999998,589332.5806567944,76.07324139562228,81.48641668972239,95.06995961465539,18.996718219033113,-0.6
9-raffinose,9,326.522982,0.298709363,-2.29333789,0.298709363,260.24676,0.966499644,-2.29333789,0.966499644,239.289196,66.27622200000002,20.95756399999999,87.23378600000001,78.9910975883986,826.0589379999999,20332273.45219841,239.18390367912522,260.2906775803694,326.5843567405054,87.4004530613802,-0.6
10-kojibiose,10,221.082593,0.535614222,1.76726007,0.535614222,179.631444,1.96958013,1.76726007,1.96958013,158.205247,41.451149000000015,21.426196999999974,62.87734599999999,55.56337071820169,558.919284,6281405.632414044,157.97927300083444,179.79936756967422,221.14064342949135,63.16137042865691,-0.57
11-alpha-D-Mannopyranose,11,103.538672,0.357739293,1.56440863,0.357739293,90.1431104,-2.69787189,1.56440863,-2.69787189,87.4210759,13.395561600000008,2.7220344999999924,16.1175961,15.902053852107908,281.1028583,814938.5185444766,85.631069903264,91.78194465485771,103.68984374187832,18.058773838614314,-0.55
13-lactulose,13,200.939482,1.5874331,3.56389108,1.5874331,186.699284,-3.00793897,3.56389108,-3.00793897,161.634372,14.240197999999992,25.064911999999993,39.305109999999985,35.50731253351191,549.273138,6059124.362171422,160.9310556207779,186.9628837103783,201.37919866884377,40.44814304806587,-0.52
14-isomaltulose,14,204.818559,-4.29586469,1.23742936,-4.29586469,177.510189,0.201061205,1.23742936,0.201061205,168.198307,27.308369999999996,9.311881999999997,36.620251999999994,33.864861861271024,550.527055,6111863.716603434,168.1430500134668,176.86749367717448,205.51651130935866,37.37346129589187,-0.52
15-maltulose,15,213.134363,-0.122846356,-5.70824377,-0.122846356,179.142689,-1.65364692,-5.70824377,-1.65364692,162.158107,33.99167400000002,16.98458199999999,50.97625600000001,46.12207020841672,554.435159,6185008.961024021,161.3721959935166,179.29711658161145,213.76584642487194,52.393650431355326,-0.51
16-beta-D-Ribopyranose,16,91.1342959,0.834185593,0.75760846,0.834185593,77.9161756,-0.836157726,0.75760846,-0.836157726,70.639373,13.218120299999995,7.276802599999996,20.49492289999999,18.15938325730631,239.68984450000002,501439.9374531829,70.50963635193646,77.969338030419,91.21087011764457,20.70123376570811,-0.51
17-rhamnose,17,94.0056811,0.0974419401,0.0253834326,0.0974419401,95.4920036,1.18676386,0.0253834326,1.18676386,82.1718447,-1.4863225,13.32015890000001,11.83383640000001,12.8098937914348,271.6695294,737506.2283771832,82.06691247291828,93.99953174860185,95.60308517847987,13.536172705561597,-0.5
18-beta-L-Fucopyranose,18,93.1994953,1.28673976,1.66434251,1.28673976,96.0059005,1.267334,1.66434251,1.267334,80.946561,-2.8064052000000004,15.059339499999993,12.252934299999993,14.508363782516037,270.1519568,723741.4372587973,80.64689548919661,92.79262621863775,96.71243509216566,16.065539602969054,-0.48
19-alpha-L-Arabinopyranose,19,84.7467994,-1.39279648,-0.522852488,-1.39279648,82.4247304,0.59929775,-0.522852488,0.59929775,69.5549147,2.322068999999999,12.869815700000004,15.191884700000003,14.443891592005292,236.7264445,485670.1965838431,69.51317850477065,81.78084140858311,85.43242458664626,15.919246081875613,-0.48
20-leucrose,20,211.659024,-2.13912662,1.35319825,-2.13912662,183.589712,0.121562744,1.35319825,0.121562744,157.715738,28.069311999999996,25.873974000000004,53.943286,46.934835811949775,552.964474,6127522.574250417,157.68062586585035,183.42956490603135,211.8542832281184,54.173657362268045,-0.46
21-lactitol,21,203.005335,3.16787828,1.70787313,3.16787828,192.159474,1.06694675,1.70787313,1.06694675,173.745128,10.845861000000014,18.414345999999995,29.26020700000001,26.433165775936942,568.909937,6775169.258093117,173.60312507392848,191.32104879019704,203.98576313587446,30.382638061945983,-0.46
22-turanose,22,214.36441,-3.68957236,1.92158723,-3.68957236,181.864545,-1.67571302,1.92158723,-1.67571302,156.347471,32.499865,25.51707399999998,58.01693899999998,50.96080963012096,552.576426,6091872.793926426,156.18909776036395,181.53412708031578,214.85320115932035,58.6641033989564,-0.44
23-alpha-D-lactose,23,207.668573,-5.7860499,1.16277566,-5.7860499,180.041988,0.0997707386,1.16277566,0.0997707386,162.06376,27.626585000000006,17.978228,45.60481300000001,41.08093291804323,549.774321,6053739.622565866,162.03059804498778,178.88545661134233,208.85826634366998,46.8276682986822,-0.438183
24-beta-D-Glucopyranose,24,107.454543,-1.35231157,-0.846238812,-1.35231157,100.578177,-0.478128887,-0.846238812,-0.478128887,82.1228547,6.876366000000004,18.45532229999999,25.331688299999996,22.871582874196076,290.1555747,887301.6228118452,82.07977555224706,100.34330475522763,107.73249439252531,25.652718840278254,-0.43
25-alpha-D-Psicofuranose,25,104.519452,0.331937614,-1.74383495,0.331937614,95.0100359,-0.708408535,-1.74383495,-0.708408535,85.3796788,9.509416099999996,9.630357100000012,19.139773200000008,16.902982044202133,284.9091667,847504.1352427709,85.17563656366383,95.04039496042454,104.69313517591166,19.517498612247834,-0.43
26-maltose,26,211.116927,1.34128773,-1.37335863,1.34128773,183.235825,1.3212395,-1.37335863,1.3212395,157.186914,27.881102,26.048911000000004,53.930013,46.88780736132855,551.539666,6079645.749085412,157.081684895369,183.24494812721807,211.21303297741284,54.13134808204384,-0.41
27-xylobiose,27,177.471631,-3.37225202,1.9912521,-3.37225202,140.633838,0.228646673,1.9912521,0.228646673,135.548867,36.837793000000005,5.084970999999996,41.922764,40.20407163497691,453.65433599999994,3380987.200635753,135.4240340581284,140.36149927805172,177.86880266381993,42.444768605691536,-0.4
28-alpha-D-Tagatopyranose,28,106.313558,0.961559539,0.496318116,0.961559539,94.9088113,-0.419882211,0.496318116,-0.419882211,83.5138615,11.404746700000004,11.394949799999992,22.799696499999996,19.84719962199138,284.7362308,842542.9243164359,83.48600065226329,94.84693515056199,106.40329499717477,22.917294344911483,-0.37
29-trehalose,29,214.630382,-2.50913386,1.4065999,-2.50913386,188.606319,1.10007644,1.4065999,1.10007644,150.751512,26.024062999999984,37.85480700000002,63.878870000000006,55.891211140892516,553.9882130000001,6100928.87544887,150.68528395078937,188.40664263687606,214.89628641233455,64.21100246154518,-0.37
30-mannitol,30,112.100084,-0.41866197,-1.88059713,-0.41866197,93.7804293,-1.02399181,-1.88059713,-1.02399181,91.9112839,18.3196547,1.8691453999999936,20.188800099999995,19.68824520057523,297.7917972,965777.4599311855,91.28754822055024,94.22483412887878,112.27941485057103,20.991866630020795,-0.3
31-alpha-L-Sorbopyranose,31,104.446807,-2.13039328,-0.977979617,-2.13039328,95.496021,0.389807162,-0.977979617,0.389807162,85.4506327,8.950786000000008,10.045388299999999,18.996174300000007,16.96706883709224,285.3934607,851812.9484696346,85.3924638060134,95.01763618886108,104.98336070512559,19.590896899112195,-0.28
32-xylose,32,82.3872641,-1.18658645,-2.47129559,-1.18658645,84.8845027,-0.240935043,-2.47129559,-0.240935043,72.9745521,-2.497238600000003,11.909950600000002,9.412711999999999,11.87691679400103,240.2463189,509713.01624012034,72.34357789809143,82.49989958948262,85.402841412426,13.059263514334575,-0.28
33-mannose,33,101.818852,1.76608637,-1.64816723,1.76608637,94.6779287,-0.40870678,-1.64816723,-0.40870678,87.7361145,7.140923300000011,6.941814199999996,14.082737500000007,12.9135667140394,284.2328952,845230.4979159206,87.53980911536317,94.26509284620995,102.42799323842685,14.88818412306368,-0.28
34-isomalt,34,221.172373,2.23628395,3.22207956,2.23628395,178.811041,-0.238852326,3.22207956,-0.238852326,169.218288,42.361332000000004,9.592752999999988,51.95408499999999,48.36511751923205,569.201702,6689536.693938281,169.0046454206642,178.71040821661649,221.48664836271942,52.48200294205523,-0.27
35-N-Acetyl-D-glucosamine,35,149.017115,0.057144395,8.2718154,0.057144395,128.93359,-1.80399116,8.2718154,-1.80399116,107.222069,20.08352499999998,21.711521000000005,41.795045999999985,39.06179379070212,385.172774,2050781.9944771274,105.50881993131776,129.06560004192448,150.5983540267577,45.089534095439944,-0.26
36-trehalulose,36,206.956887,5.44762084,-1.77472181,5.44762084,191.709671,-0.284016795,-1.77472181,-0.284016795,159.156463,15.247216000000009,32.553207999999984,47.80042399999999,43.44255250659487,557.823021,6309295.7704359265,159.09045213084417,189.9657046558307,208.76686421332508,49.67641208248091,-0.26
37-sorbitol,37,109.4331,0.340558726,-1.18033034,0.340558726,97.1094105,-1.91219108,-1.18033034,-1.91219108,91.3896733,12.3236895,5.719737199999997,18.043426699999998,16.449130246165154,297.93218379999996,970652.0880773215,90.75224401210428,97.65233063135796,109.5276091565378,18.775365144433522,-0.24
38-galactitol,38,114.856408,0.845768325,-1.76061538,0.845768325,94.3156663,1.17157894,-1.76061538,1.17157894,93.3396762,20.540741699999998,0.9759901000000042,21.516731800000002,21.412268683463356,302.5117505,1010605.9193041672,92.39180986229279,95.09330988151461,115.02663075619259,22.6348208938998,-0.24
40-sorbose,40,112.182025,-1.84623284,1.48886927,-1.84623284,87.1597334,1.77516099,1.48886927,1.77516099,90.736059,25.022291600000003,-3.576325600000004,21.445966,23.99472507702657,290.0778174,886329.2328682006,86.22827898026208,91.44674417341064,112.4027942463273,26.174515266065228,-0.22
41-meso-erythritol,41,78.0387601,0.41046661,1.28041555,0.41046661,66.1184824,-0.738967676,1.28041555,-0.738967676,61.8189196,11.9202777,4.299562800000004,16.219840500000004,14.795043204235311,205.9761621,318811.32657145266,61.58779053959753,66.23886089638818,78.14951066401427,16.561720124416745,-0.2
42-galactose,42,108.673284,2.25454817,-0.189819522,2.25454817,98.2701583,0.293387679,-0.189819522,0.293387679,82.3434929,10.40312569999999,15.926665400000005,26.329791099999994,23.30635284482565,289.2869352,878942.5280554071,82.33603409121686,97.80943624319742,109.14146486558572,26.80543077436886,-0.19
43-fucose,43,100.696713,-3.98433984,0.0666804949,-3.98433984,94.1148016,0.316515454,0.0666804949,0.316515454,84.0527718,6.581911399999996,10.062029800000005,16.6439412,16.085153616493503,278.8642864,795227.409604869,84.04038670075153,92.25011988271318,102.5737798165353,18.53339311578378,-0.16
44-arabinose,44,93.9477495,-0.755014114,0.435922981,-0.755014114,81.4459397,-1.98493481,0.435922981,-1.98493481,68.5388782,12.501809800000004,12.907061499999998,25.4088713,22.323737072072394,243.93256739999998,524012.9888392333,68.2365567295512,81.69061626598247,94.00539440446627,25.768837674915076,-0.16
45-ribose,45,84.4287333,-1.77250452,0.921873053,-1.77250452,82.4495261,-2.56407601,0.921873053,-2.56407601,74.5785635,1.9792072000000047,7.870962599999999,9.850169800000003,10.637006307836687,241.4568229,518298.4387322464,73.8029098513185,81.77233640616564,85.88157664251582,12.078666791197321,-0.15
46-psicose,46,101.260392,-2.72417166,-0.483218158,-2.72417166,91.6762313,0.386534755,-0.483218158,0.386534755,89.7268401,9.584160699999998,1.9493911999999938,11.533551899999992,11.736762812487939,282.6634634,832248.2197500308,89.65282553777746,91.0039574144527,102.00668044776987,12.353854909992407,-0.15
47-beta-D-Fructopyranose,47,106.165321,-2.97392257,-0.260734316,-2.97392257,93.5556451,-0.830080382,-0.260734316,-0.830080382,85.6987977,12.6096759,7.856847400000007,20.466523300000006,18.67109987411335,285.4197638,850353.0093043761,85.59549052270646,92.99251202214128,106.83176125515227,21.236270732445817,-0.11
48-maltitol,48,204.385121,-2.15975435,-0.330050727,-2.15975435,186.234119,-0.157982548,-0.330050727,-0.157982548,172.54128,18.151002000000005,13.692838999999992,31.843840999999998,27.92645258566207,563.16052,6566691.629778445,172.53545933719826,185.98351125212832,204.64154941067326,32.106090073475,-0.06
49-D-tagatose,49,118.686535,-0.648262631,0.621987855,-0.648262631,94.3634295,-1.25161016,0.621987855,-1.25161016,81.3509415,24.32310550000001,13.01248799999999,37.3355935,32.93270938634052,294.40090599999996,910847.9651706172,81.2233388404587,94.46226222226566,118.71530493727562,37.491966096816924,-0.04
50-xylitol,50,92.3917881,-0.633006059,-1.15529965,-0.633006059,82.2062507,1.22554074,-1.15529965,1.22554074,76.6096215,10.185537400000001,5.596629199999995,15.782166599999996,14.205076512707867,251.2076603,581586.6615033062,76.29031983139909,82.39072692989853,92.5266135387024,16.236293707303318,-0.01
51-sucrose,51,197.246137,0.432244792,0.816634311,0.432244792,180.781703,0.834878991,0.816634311,0.834878991,172.538921,16.46443400000001,8.242782000000005,24.707216000000017,21.894885990076492,550.5667609999999,6152188.136392767,172.43132167759973,180.8495224815728,197.28591684082747,24.854595163227742,0.0
52-asp_154,52,149.929615,-0.555372769,-4.59868127,-0.555372769,123.593423,-3.98098417,-4.59868127,-3.98098417,109.405966,26.33619200000001,14.187456999999995,40.523649000000006,37.1542213836276,382.9290040000001,2022283.0020993596,107.86420949512284,124.61942184240671,150.44537266247056,42.581163167347725,0.11
53-alanine,53,59.0982705,1.46474133,0.883083094,1.46474133,51.541408,2.65755043,0.883083094,2.65755043,49.0612419,7.556862500000001,2.480166099999998,10.0370286,10.581271215241228,159.7009204,148884.97482553366,47.36852742296987,52.77187183582187,59.56052114120823,12.191993718238358,0.11
54-asp_58,54,162.534132,1.42361299,-0.945813998,1.42361299,140.180295,3.49191261,-0.945813998,3.49191261,117.825096,22.353837,22.355199,44.709036,39.30034988038522,420.53952300000003,2682181.266982482,117.263108306925,140.64017620853332,162.63623848454165,45.373130177616645,0.13
55-fructose,55,115.75527,0.717305622,1.30806507,0.717305622,90.3426138,-3.75886874,1.30806507,-3.75886874,84.4506676,25.4126562,5.8919461999999925,31.304602399999993,29.65319705620892,290.54855139999995,881313.541147179,82.55400848863272,92.17217710820576,115.82236580316152,33.2683573145288,0.16
56-asp_140,56,176.215529,0.172258096,-6.46514409,0.172258096,168.835821,0.861360489,-6.46514409,0.861360489,146.307667,7.379707999999994,22.528154,29.907861999999994,29.25642014424085,491.359017,4345677.589338665,144.93765320155077,168.8681032521975,177.55326054625186,32.61560734470109,0.18
57-asp_53,57,223.005519,-1.04747168,-3.50612141,-1.04747168,191.276867,-1.52215631,-3.50612141,-1.52215631,168.435963,31.728651999999983,22.840904000000023,54.569556000000006,47.96088489527831,582.718349,7181706.217239146,168.10300282626417,191.35733025151922,223.2580159222165,55.15501309595231,0.25
58-asp_52,58,220.2889,-5.86177399,9.30710638,-5.86177399,222.178157,3.49819065,9.30710638,3.49819065,176.407463,-1.8892569999999864,45.77069399999999,43.881437000000005,49.10919466989865,618.8745200000001,8605593.373100085,174.07109030562248,217.37300618100204,227.43042351337562,53.35933320775314,0.27
59-asp_67,59,152.082768,8.23892576,3.04711219,8.23892576,121.690959,5.43004455,3.04711219,5.43004455,111.36056,30.39180899999998,10.330399,40.72220799999998,40.79570116654621,385.13428700000003,2048060.1765689156,109.02617236779068,121.5044235930924,154.60369103911682,45.577518671326146,0.28
60-asp_135,60,190.077383,2.08940515,0.228578364,2.08940515,162.1808,-2.09782662,0.228578364,-2.09782662,143.531458,27.896582999999993,18.64934200000002,46.54592500000001,40.89897838012571,495.789641,4423156.607505715,143.2938876638041,162.26263395487956,190.23311938131616,46.93923171751206,0.36
61-asp_153,61,161.648014,-4.04457342,-1.79612517,-4.04457342,133.916315,0.180810299,-1.79612517,0.180810299,125.914835,27.731698999999992,8.00148,35.73317899999999,33.37390362172862,421.47916399999997,2723222.5411324794,125.8247167709411,133.33921552104877,162.31523170801003,36.49051493706894,0.43
62-asp_104,62,169.090962,-0.0709099502,-2.31352839,-0.0709099502,158.05639,3.62328972,-2.31352839,3.62328972,144.285854,11.034571999999997,13.770535999999993,24.80510799999999,22.77714693730018,471.4332059999999,3853104.9358938164,143.19861862922397,158.9144913476097,169.32009602316657,26.121477393942598,0.48
63-asp_141,63,220.06652,0.200036059,4.79663352,0.200036059,160.586324,1.43622838,4.79663352,1.43622838,154.93705,59.48019600000001,5.649273999999991,65.12947,63.09642871218637,535.589894,5471272.650202826,154.26750259035484,160.90295641034612,220.41943499929897,66.15193240894413,0.51
64-asp_69,64,196.799915,-3.25609391,4.9984297,-3.25609391,135.329233,4.29902583,4.9984297,4.29902583,131.876426,61.47068200000001,3.4528069999999786,64.92348899999999,64.53694471494227,464.005574,3503679.6478200895,128.4496057827537,138.23538271449627,197.32058550275,68.87097971999628,0.56
65-asp_1,65,227.229948,-4.26921699,10.0026519,-4.26921699,159.387304,6.30267305,10.0026519,6.30267305,118.503879,67.842644,40.883425,108.72606900000001,97.57933834251736,505.121131,4264250.6248434335,116.55148852138042,160.22968821491753,228.3399542637021,111.78846574232169,0.57
66-asp_94,66,197.690415,2.32892607,-2.46551121,2.32892607,167.56955,1.08004048,-2.46551121,1.08004048,143.527721,30.12086500000001,24.04182899999998,54.16269399999999,47.407215953790754,508.787686,4752587.483796811,143.35753316814157,167.4569866055162,197.9731662263421,54.61563305820053,0.58
67-asp_130,67,222.61018,0.109378337,-0.44257716,0.109378337,162.654579,1.13157473,-0.44257716,1.13157473,153.768337,59.955601,8.88624200000001,68.84184300000001,64.89132658910131,539.033096,5567411.989160739,153.62353464499083,162.79636226930646,222.61319908570272,68.98966444071189,0.6
68-asp_136,68,223.537948,2.78189726,-0.313126445,2.78189726,159.04113,0.418854952,-0.313126445,0.418854952,153.109789,64.49681799999999,5.931341000000003,70.428159,67.83516992811354,535.688867,5442077.099210383,153.07663670293843,158.95328293374615,223.6589473633155,70.58231066037706,0.6
69-asp_156,69,215.850396,-0.709768578,0.929099936,-0.709768578,159.349457,4.18249547,0.929099936,4.18249547,141.92729,56.50093899999999,17.422167,73.92310599999999,67.35605099186199,517.1271429999999,4877689.956196893,140.96013123015692,160.29726728638138,215.86974448346163,74.90961325330471,0.6
70-asp_81,70,223.241193,1.38561311,-0.471807839,1.38561311,164.566151,1.1010601,-0.471807839,1.1010601,150.901273,58.67504200000002,13.664877999999987,72.33992,66.64338912484564,538.708617,5543204.064239205,150.80845589315354,164.6235195792369,223.27664152760954,72.468185634456,0.6
71-asp_68,71,165.010712,6.67939453,3.7720515,6.67939453,135.354694,4.60119827,3.7720515,4.60119827,120.484869,29.656018000000017,14.869824999999992,44.52584300000001,42.209146224266284,420.850275,2680463.6503666462,119.10039021902112,134.83343519525647,166.91644958572238,47.81605936670125,0.61
73-asp_112,73,184.462339,-2.58174097,4.23686473,-2.58174097,170.269422,-0.148744972,4.23686473,-0.148744972,140.833489,14.192916999999994,29.435933000000006,43.62885,39.491902982326714,495.56525,4419343.839969793,140.42551791252794,169.8258833674228,185.31384872004935,44.88833080752141,0.66
74-asp_131,74,188.91206,3.92884002,4.40751448,3.92884002,182.994897,-7.14941739,4.40751448,-7.14941739,156.970886,5.917162999999988,26.024011,31.94117399999999,33.52877408926959,528.877843,5410593.026898645,154.33469708806481,183.6502978586374,190.89284805329797,36.55815096523315,0.68
75-asp_137,75,219.038866,-3.05282391,1.57703915,-3.05282391,158.155773,4.91195726,1.57703915,4.91195726,158.575021,60.883093,-0.41924799999998186,60.46384500000002,61.55651060975259,535.76966,5486193.955516326,153.28358621197935,163.265164075376,219.22090971264473,65.93732350066537,0.68
76-asp_182,76,141.609611,8.94504132,3.45923853,8.94504132,101.316832,-3.51301196,3.45923853,-3.51301196,106.103433,40.292778999999996,-4.78660099999999,35.506178000000006,42.0299676158215,349.029876,1510645.1658390965,97.40169711556938,107.93249611216629,143.69568277226426,46.293985656694886,0.68
77-asp_191,77,203.51415,-6.46849367,1.17352219,-6.46849367,167.302834,1.23091807,1.17352219,1.23091807,161.33864,36.21131600000001,5.964193999999992,42.17551,41.19470235471678,532.155624,5486029.6427121,160.93736367465328,166.56263056778445,204.65562975756237,43.71826608290908,0.68
78-asp_155,78,194.736169,4.70706977,-0.913095238,4.70706977,140.776421,5.330843,-0.913095238,5.330843,130.03443,53.95974799999999,10.741991000000013,64.701739,61.3262122564056,465.54702,3556219.4970725104,127.73256003016479,142.66762338322428,195.14683658661096,67.41427655644617,0.7
79-4-Cl-sucrose,79,211.27942,0.769996539,2.81209635,0.769996539,193.474917,-0.489018936,2.81209635,-0.489018936,170.25551,17.804502999999983,23.219407000000018,41.02391,35.99681861377397,575.0098469999999,6957896.588864676,170.05117486575327,193.45741255804646,211.5012595762002,41.45008471044693,0.7
80-asp_134,80,205.955308,-3.04716768,-0.56231544,-3.04716768,155.248948,-5.2907366,-0.56231544,-5.2907366,139.395571,50.70635999999999,15.853377000000023,66.55973700000001,61.148274857231094,500.599827,4449955.445266135,137.76225748993764,156.69889299982307,206.13867651023935,68.37641902030171,0.73
81-asp_129,81,202.128464,0.179516248,2.8816082,0.179516248,155.57034,2.88504005,2.8816082,2.88504005,141.876058,46.55812400000002,13.694281999999987,60.25240600000001,55.161131182355085,499.574862,4458344.35027749,141.1654030205968,156.14133833189595,202.26812064750732,61.102717626910504,0.84
82-asp_2,82,196.528682,-7.00957969,-0.267056137,-7.00957969,166.706083,-0.0441455518,-0.267056137,-0.0441455518,140.188846,29.822598999999997,26.517236999999994,56.33983599999999,50.30891194002783,503.42361100000005,4586040.31497897,140.18734675064755,165.14111131911554,198.095152930237,57.90780617958944,0.85
83-asp_142,83,238.139252,-0.889978193,1.34916722,-0.889978193,159.440046,0.784557493,1.34916722,0.784557493,161.205527,78.699206,-1.765480999999994,76.93372500000001,77.89366807884832,558.784825,6120235.529393058,159.119921522736,161.49224912137242,238.17265435589155,79.05273283315555,0.88
84-asp_16,84,222.347042,-0.509684153,15.1799212,-0.509684153,189.286242,11.7013691,15.1799212,11.7013691,157.217296,33.0608,32.06894599999998,65.12974599999998,65.45604843918633,568.85058,6542558.091770852,150.4246827159826,192.59534686273102,225.8305504212863,75.40586770530368,0.89
85-asp_4,85,247.742114,-10.7410162,-4.90458047,-10.7410162,166.115162,-17.78482,-4.90458047,-17.78482,165.550494,81.62695199999999,0.5646680000000117,82.19162,89.86958747861132,579.4077699999999,6709688.95511732,146.83430493302362,183.35800619928764,249.21545886768862,102.38115393466501,0.89
86-asp_190,86,199.384905,1.02575459,-0.582489797,1.02575459,163.94505,1.9043088,-0.582489797,1.9043088,136.929911,35.439854999999994,27.015139000000005,62.454994,54.389955351333114,500.25986600000005,4475062.94208727,136.7895233332927,164.051318350339,199.41902431636828,62.62950098307559,0.9
89-asp_143,89,232.979002,-4.93993164,-5.93979591,-4.93993164,185.158011,1.86696577,-5.93979591,1.86696577,172.698066,47.82099100000002,12.459944999999976,60.280936,56.81067955121322,590.8350790000001,7438387.412060421,171.96955794259367,184.7753629702776,234.09015808712874,62.120600144535075,0.94
90-asp_183,90,184.103038,0.795010195,-0.65559587,0.795010195,130.260931,8.13230785,-0.65559587,8.13230785,115.132027,53.842107,15.128904000000006,68.971011,64.3740407677478,429.495996,2748718.2246286105,111.57829831125734,133.7986914790269,184.11900620971576,72.54070789845842,0.98
91-asp_72,91,205.136211,5.75032426,8.45157619,5.75032426,145.315138,-2.06844973,8.45157619,-2.06844973,139.860057,59.82107300000001,5.4550809999999785,65.27615399999999,65.27609855634732,490.31140600000003,4153060.834494694,137.70763612603852,145.90751593296375,206.6962539409978,68.98861781495927,0.99
92-acesulfame_potassium_H_H,92,89.6605928,4.06307227,-3.13031661,4.06307227,73.6460526,0.978020112,-3.13031661,0.978020112,52.6056233,16.0145402,21.040429300000007,37.054969500000006,33.43515887302625,215.9122687,345662.0222471751,52.26066742020209,72.81076234147626,90.84083893832164,38.58017151811955,1.0
93-asp_184,93,219.703894,5.21351123,-0.909295584,5.21351123,156.412699,1.20444778,-0.909295584,1.20444778,144.741721,63.29119499999999,11.670977999999991,74.96217299999998,70.49136027358755,520.858314,4969580.188719636,144.59051574443538,156.1286618649447,220.13913639061988,75.5486206461845,1.02
94-asp_71,94,191.141528,-5.90863182,5.35908511,-5.90863182,132.852532,1.68198491,5.35908511,1.68198491,129.750041,58.288996,3.1024909999999863,61.391486999999984,61.54231048552008,453.744101,3285832.713005462,128.14503593052328,133.43673382046617,192.1623312490106,64.01729531848733,1.03
95-asp_159,95,166.898949,0.424519313,0.327728508,0.424519313,137.539616,2.7539281,0.327728508,2.7539281,120.730343,29.359332999999992,16.80927299999999,46.16860599999998,40.763296779019626,425.168908,2770089.719505293,120.28924319306275,137.9716376563902,166.90802715054707,46.618783957484325,1.04
96-asp_110,96,202.476721,4.50655871,-2.25111775,4.50655871,217.90039,10.0341575,-2.25111775,10.0341575,168.632619,-15.42366899999999,49.26777099999998,33.84410199999999,47.78593715996108,589.00973,7414911.275340018,166.40303931049627,201.86127092073653,220.74541976876728,54.34238045827101,1.06
97-perillaldehyde,97,158.052777,9.40413646,-5.69393005,9.40413646,111.185437,1.52212354,-5.69393005,1.52212354,99.3299377,46.86734,11.855499299999991,58.72283929999999,57.11621998190719,368.5681517,1732623.1516692936,98.27608486899825,109.96092221066492,160.33114462033686,62.055059751338604,1.08
98-asp_108,98,211.543491,-0.330946013,-2.69441137,-0.330946013,192.780471,2.6423809,-2.69441137,2.6423809,165.325288,18.763019999999983,27.455183000000005,46.21820299999999,40.7925827199201,569.6492499999999,6739315.613110417,164.92252663626275,193.01423202452878,211.71249133920847,46.789964702945724,1.1
99-trans-anethole,99,211.919572,-8.06805488,-0.00136002126,-8.06805488,116.716248,0.00158420993,-0.00136002126,0.00158420993,75.52454,95.203324,41.19170799999999,136.395032,121.97252876431573,404.16035999999997,1863142.3532854395,75.52453993089851,116.03735770825111,212.59846236085036,137.07392242995184,1.11
100-asp_14,100,180.917825,0.161297772,6.17335178,0.161297772,147.223856,-1.71025273,6.17335178,-1.71025273,132.748819,33.69396899999998,14.475037000000015,48.169005999999996,44.22347172927796,460.8905,3529673.744987234,131.77934372188153,147.41465333689388,181.6965029412246,49.91715921934306,1.14
101-asp_55,101,221.601178,-5.25770447,-3.29665564,-5.25770447,171.239787,-1.07160756,-3.29665564,-1.07160756,157.056367,50.361391,14.183420000000012,64.54481100000001,59.75546066330893,549.897332,5953314.076280453,156.76118032204516,170.83789804202524,222.29825363592948,65.53707331388432,1.15
102-asp_138,102,212.627042,-4.18402748,3.07622194,-4.18402748,152.055245,-4.96168508,3.07622194,-4.96168508,155.555276,60.571796999999975,-3.5000309999999786,57.071766,60.199271425959495,520.2375629999999,5019997.608588719,148.50058619212842,158.61907150188594,213.11790530598552,64.61731911385709,1.16
103-asp_7,103,209.289622,-1.97418616,0.503682157,-1.97418616,133.133235,-8.59345573,0.503682157,-8.59345573,137.835659,76.156387,-4.702423999999979,71.45396300000002,75.4836685294688,480.258516,3824561.312434474,126.55580479846628,144.3544748060406,209.34823639549296,82.79243159702668,1.16
105-asp_99,105,178.701035,-4.72283303,-0.0555952401,-4.72283303,144.952604,0.406770394,-0.0555952401,0.406770394,135.539143,33.74843099999998,9.413461000000012,43.161891999999995,40.15819339101574,459.19278199999997,3507841.843233367,135.52106215969184,144.3219424518833,179.34977738842474,43.828715228732904,1.16
106-asp_15,106,217.380008,2.29161378,-3.53352668,2.29161378,154.396607,3.14067242,-3.53352668,3.14067242,150.823463,62.983401000000015,3.573143999999985,66.556545,65.47922040043235,522.6000779999999,5057133.1444012225,148.73895384419603,156.222640381313,217.63848377449096,68.89952993029493,1.17
107-asp_5,107,221.024178,19.0507887,-1.03933841,19.0507887,161.456219,4.9365418,-1.03933841,4.9365418,164.55584,59.567959,-3.099620999999985,56.46833800000002,67.36807813217534,547.036237,5806816.156135188,153.57933817427227,166.85866450937237,226.59823431635525,73.01889614208298,1.19
108-asp_17,108,253.301926,0.818273566,2.76499986,0.818273566,173.892279,-10.0559606,2.76499986,-10.0559606,147.72246,79.409647,26.16981899999999,105.579466,96.93915086450554,574.916665,6479679.661795048,144.2286170101023,177.30983823305388,253.37820975684383,109.14959274674152,1.19
109-asp_186,109,151.911296,-2.52717297,-4.72513747,-2.52717297,124.028931,-1.48980291,-4.72513747,-1.48980291,109.068355,27.882364999999993,14.960576000000003,42.842940999999996,38.87390478214489,385.008582,2051161.5193405764,108.35535414936498,124.03321147927446,152.6200163713604,44.26466222199542,1.2
110-asp_105,110,207.916029,2.25059388,0.95212801,2.25059388,148.380148,-5.82586549,0.95212801,-5.82586549,153.120978,59.53588100000002,-4.740830000000017,54.795051,58.347959626853445,509.417155,4715883.868657018,144.37034362758584,157.0359692506616,208.01084212175257,63.640498494166735,1.21
111-asp_97,111,224.123914,-3.92407011,-0.453225508,-3.92407011,170.761614,-3.74768656,-0.453225508,-3.74768656,154.3108,53.362300000000005,16.45081400000001,69.81311400000001,63.91372541863528,549.196328,5900173.71196416,153.47398837349584,171.3109506005798,224.41138902592442,70.93740065242858,1.21
112-asp_109,112,209.99229,-13.0333782,7.71406327,-13.0333782,189.035441,-0.357038075,7.71406327,-0.357038075,157.966888,20.956849000000005,31.06855299999998,52.025401999999985,52.38370993225373,556.9946190000001,6232613.706256886,156.76813060008618,183.13036857693785,217.0961198229759,60.32798922288973,1.22
113-asp_139,113,241.08437,4.98350033,1.55088909,4.98350033,163.03718,5.06676717,1.55088909,5.06676717,157.000296,78.04719,6.036884000000015,84.08407400000002,82.20527753175136,561.121846,6160606.898837459,154.10638317621604,165.57263575905472,241.44282706472927,87.33644388851323,1.22
114-asp_90,114,172.128007,-4.32126654,-5.41927681,-4.32126654,139.859787,3.60736602,-5.41927681,3.60736602,124.656299,32.268219999999985,15.203488000000007,47.47170799999999,44.11506036097012,436.644093,2992442.9227123447,123.44342879528142,139.79995201006062,173.40071219465807,49.95728339937665,1.23
115-asp_157,115,213.38375,6.44603394,0.685923629,6.44603394,199.110529,2.8184938,0.685923629,2.8184938,167.125131,14.273220999999978,31.985398000000004,46.25861899999998,42.81614687945977,579.61941,7091929.176881576,166.8783415879812,196.82085435406256,215.92021405795614,49.04187246997495,1.3
116-asp_96,116,211.265504,2.92735174,1.55409391,2.92735174,177.309396,-0.591177312,1.55409391,-0.591177312,155.518562,33.956108,21.79083399999999,55.74694199999999,49.00807984151491,544.0934619999999,5823785.478832891,155.45443549392292,177.0829472712834,211.55607923479369,56.10164374087077,1.3
117-acesulfame_potassium_CH3_H,117,105.867501,5.35045627,3.26360019,5.35045627,85.1418966,0.413555157,3.26360019,0.413555157,61.5860318,20.72560440000001,23.555864799999995,44.281469200000004,39.88718426338914,252.5954294,552448.1350682814,61.34677331569457,83.848127318713,107.40052876559241,46.05375544989784,1.3
118-acesulfame_potassium_CH3CH2_H,118,121.914762,6.09284465,-3.89762218,6.09284465,94.1676023,0.118222255,-3.89762218,0.118222255,73.5029679,27.747159699999997,20.664634399999997,48.411794099999995,43.90104179182768,289.5853322,839678.5082881132,73.17317762888624,92.93085320587531,123.4813013652384,50.30812373635216,1.3
119-6p-Cl-sucrose,119,222.294918,0.870940675,1.95242928,0.870940675,185.778413,1.53709423,1.95242928,1.53709423,172.545538,36.516504999999995,13.232875000000007,49.74938,44.8618099674604,580.618869,7124357.061554489,172.30146128281166,185.9223108579276,222.39509685926072,50.09363557644906,1.3
120-1p-Cl-sucrose,120,220.80111,-7.268687,-2.45345994,-7.268687,195.901337,-2.49131014,-2.45345994,-2.49131014,161.662588,24.899772999999982,34.23874900000001,59.138521999999995,53.291719940577735,578.365035,6981573.097245704,161.33007639495298,194.21880312762792,222.81615547741904,61.48607908246606,1.3
121-asp_171_178,121,222.259191,0.613888156,0.878686018,0.613888156,170.397984,-4.7452587,0.878686018,-4.7452587,157.491903,51.86120699999998,12.906081,64.76728799999998,59.97062564559315,550.149078,5959414.1916789245,155.9191211498438,171.9529880183661,222.2769688317901,66.35784768194631,1.32
122-asp_73,122,200.289029,1.44839337,0.844548508,1.44839337,160.255967,-0.638243459,0.844548508,-0.638243459,141.634905,40.033062,18.621061999999995,58.654123999999996,52.00484124967858,502.179901,4545633.483463434,141.59942342734305,160.22763410115056,200.3528434715064,58.753420044163335,1.36
123-asp_173_180,123,229.212549,-0.558991651,-2.03377435,-0.558991651,208.543678,4.16495426,-2.03377435,4.16495426,168.107789,20.668870999999996,40.435889,61.10476,54.43724995283819,605.864016,8030809.749910257,167.6204429533008,208.939681421627,229.30389162507217,61.68344867177137,1.375
124-asp_101,124,211.467531,-5.16937851,6.28689266,-5.16937851,167.305672,-3.82604751,6.28689266,-3.82604751,155.789908,44.16185900000002,11.51576399999999,55.67762300000001,53.23625227253723,534.5631109999999,5498180.154987428,154.255500478674,167.45718091690756,212.8504296044184,58.594929125744386,1.38
125-asp_102,125,200.712605,-0.987191371,6.65569786,-0.987191371,165.228467,-1.7740705,6.65569786,-1.7740705,159.510751,35.484138,5.717715999999996,41.201854,40.496482690292765,525.451823,5281841.3988012355,158.10177158183842,165.54610053751514,201.80395088064623,43.702179298807806,1.38
126-asp_103,126,210.713019,-5.16928222,-2.42777322,-5.16928222,181.641958,-4.42740852,-2.42777322,-4.42740852,160.911254,29.071061000000014,20.730703999999974,49.80176499999999,45.10215914566024,553.266231,6149157.776403304,159.77217659593325,181.83545247793575,211.65860192613098,51.88642533019774,1.4
127-6-1p-6p-3Cl-sucrose,127,248.247317,5.711743,-4.85633528,5.711743,195.615592,2.26022393,-4.85633528,2.26022393,187.174178,52.63172500000002,8.44141399999998,61.073139,58.903242398401716,631.037087,9077260.48830502,185.9908906351691,195.8460807531138,249.20011561171705,63.209224976547944,1.4
128-asp_124,128,201.772628,-1.12312007,-3.67662851,-1.12312007,172.648972,-1.03527044,-3.67662851,-1.03527044,170.291565,29.12365600000001,2.357406999999995,31.481063000000006,31.144074226381115,544.713165,5929475.75554148,169.44592135168693,173.03726484781862,202.22997880049445,32.784057448807516,1.43
129-asp_194,129,202.041507,-7.35958972,-2.90435683,-7.35958972,174.123072,-0.852683407,-2.90435683,-0.852683407,153.374671,27.918434999999988,20.748401,48.66683599999999,44.48792866479926,529.53925,5385774.956060497,153.11866891354632,172.4225960917076,203.99798499474622,50.8793160811999,1.43
130-1p-4p-2Cl-sucrose,130,233.582241,-11.6417961,2.74805199,-11.6417961,189.883528,0.683815839,2.74805199,0.683815839,176.62516,43.698713,13.258368000000019,56.95708100000002,55.636210230265796,600.090929,7808404.707675876,176.3547920421502,187.14159760584675,236.59453935200312,60.23974730985293,1.48
131-acesulfame_potassium_CH3CH2CH2_CH3,131,148.726754,-7.36425128,4.31209992,-7.36425128,126.939493,-0.182785963,4.31209992,-0.182785963,91.9198575,21.787261,35.01963549999999,56.80689649999999,51.794024667217066,367.58610450000003,1728043.7355960147,91.59037761614466,124.7192308497008,151.27649603415443,59.68611841800977,1.48
132-asp_100,132,178.581604,5.98823578,-0.048349138,5.98823578,167.194539,2.92560523,-0.048349138,2.92560523,143.695987,11.387065000000007,23.49855199999999,34.885616999999996,32.90422690953662,489.47213,4283772.564887339,143.319370565296,164.9685942646996,181.18416517000446,37.864794604708464,1.48
133-asp_93,133,198.022281,-0.92025249,-0.378642447,-0.92025249,160.81786,-6.14351588,-0.378642447,-6.14351588,151.351931,37.204420999999996,9.465928999999988,46.670349999999985,44.06978815240534,510.19207200000005,4812251.439090125,148.31845374731634,163.82746353038672,198.04615472229693,49.72770097498059,1.48
134-cyclamate,134,125.852235,-0.746218994,1.68975605,-0.746218994,100.514725,0.671440257,1.68975605,0.671440257,94.2041379,25.337509999999995,6.310587099999992,31.648097099999987,29.211236489433674,320.57109790000004,1191284.7218008402,94.03613805419755,100.57296894150106,125.96199090430136,31.92585285010381,1.48
135-asp_160,135,169.729456,3.26712125,-2.78218532,3.26712125,126.71051,-3.51745683,-2.78218532,-3.51745683,107.00537,43.018946,19.70514,62.724086,56.38242658716254,403.445336,2297152.5983174834,106.32031239104748,127.00194118298536,170.12308242596717,63.80277003491969,1.49
136-asp_21,136,190.167408,-3.77478785,0.541914553,-3.77478785,161.077594,-4.66163557,0.541914553,-4.66163557,146.334915,29.08981399999999,14.74267900000001,43.832493,40.01557540847809,497.579917,4476242.604803539,144.97826202555007,161.92326199823384,190.67839297621612,45.70013095066605,1.49
138-asp_6,138,238.764754,0.738725302,-1.06675112,0.738725302,158.128937,-16.3996386,-1.06675112,-16.3996386,143.143821,80.635817,14.985116000000005,95.62093300000001,93.52497641803525,540.037512,5340035.694039023,132.60388363268248,168.64606510675196,238.78756326056555,106.18367962788307,1.5
139-asp_123,139,216.574109,-3.77741833,0.375016941,-3.77741833,150.863311,9.57937057,0.375016941,9.57937057,146.825549,65.71079799999998,4.037762000000015,69.74856,70.12887180975633,514.262969,4775226.784836852,138.96226741546053,158.5097193737955,216.79098221074403,77.8287147952835,1.53
140-asp_87,140,198.632667,-0.236724563,4.49256238,-0.236724563,195.344659,-3.81512759,4.49256238,-3.81512759,172.461794,3.2880079999999907,22.88286500000001,26.170873,26.721875154148552,566.43912,6684997.964310109,171.13848751732147,195.71972484125396,199.58090764142446,28.442420124102995,1.53
142-tryptophan,142,175.677225,18.9375324,-15.5438342,18.9375324,160.439762,10.8540965,-15.5438342,10.8540965,113.759822,15.237462999999991,46.67994,61.91740299999999,72.64047021654353,449.876809,3099741.7008512453,105.7299126616056,154.99350662330312,189.15338971509132,83.42347705348573,1.54
143-asp_185,143,217.262757,0.456988219,-3.63303084,0.456988219,172.021715,-3.75749706,-3.63303084,-3.75749706,147.917981,45.24104199999999,24.103734000000003,69.344776,61.650624673697806,537.202453,5522917.214912487,147.1686600239125,172.5718094983131,217.46198347777448,70.29332345386197,1.56
144-asp_3,144,237.986045,3.085236,-6.84500614,3.085236,164.745909,15.4321601,-6.84500614,15.4321601,138.590152,73.24013599999998,26.155757000000023,99.395893,94.06096646408436,541.322106,5367368.818486517,130.91333711360681,171.89619876844958,238.51257011794354,107.59923300433672,1.56
145-asp_8,145,224.128644,-0.347263238,-3.36933347,-0.347263238,169.680021,-0.159421475,-3.36933347,-0.159421475,148.363016,54.448623,21.317005000000023,75.76562800000002,67.92822728796862,542.171681,5640317.963554327,148.21205415206998,169.67932674891085,224.28030009901912,76.06824594694913,1.57
146-asp_77,146,194.085713,-2.5246403,0.456865987,-2.5246403,166.781675,0.984361771,0.456865987,0.984361771,138.884916,27.30403799999999,27.896759000000003,55.200796999999994,48.04256791049336,499.752304,4494586.069289303,138.84481627417645,166.58789280897668,194.31959491684697,55.474778642670515,1.58
147-asp_18,147,215.626455,-3.91952283,4.80967457,-3.91952283,174.384593,0.818215106,4.80967457,0.818215106,163.976597,41.241862,10.407995999999997,51.649857999999995,48.538211860587296,553.9876449999999,6159108.427460645,163.4035178283462,174.16484054621665,216.41928662543717,53.01576879709097,1.58
148-asp_106,148,184.374665,8.87700307,-5.49306864,8.87700307,164.940014,2.00657279,-5.49306864,2.00657279,144.534801,19.434651000000002,20.405213000000003,39.839864000000006,39.110747028830325,493.84947999999997,4378108.6958776945,143.28387746259102,162.29922948993084,188.26637304747817,44.98249558488715,1.58
149-4-1p-6p-3F-sucrose,149,203.319982,-2.52442798,-0.264415901,-2.52442798,165.509884,-3.02876043,-0.264415901,-3.02876043,147.71801,37.81009800000001,17.791874000000007,55.60197200000002,49.65596557471076,516.5478760000001,4968105.568458061,147.20842610448278,165.85159533709103,203.48785455842608,56.2794284539433,1.6
150-asp_107,150,193.656943,-3.09473464,-5.46364761,-3.09473464,180.239958,-11.6307195,-5.46364761,-11.6307195,153.829241,13.416985000000011,26.410717000000005,39.827702000000016,41.904666137918525,527.726142,5335922.772538302,148.58299850348214,184.5404053000757,194.60273819644235,46.0197396929602,1.6
151-asp_60,151,215.592669,-2.17593569,5.54521452,-2.17593569,169.732415,-7.66677611,5.54521452,-7.66677611,143.205658,45.860254,26.526757000000003,72.387011,65.62123296662405,528.530742,5221949.250153655,140.8403382818862,171.50964983076594,216.1807538873478,75.3404156054616,1.6
152-asp_9,152,174.519577,-0.142428984,-3.59218268,-0.142428984,135.879442,1.05065697,-3.59218268,1.05065697,133.167182,38.64013499999999,2.7122600000000148,41.352395,40.586972135805794,443.566201,3155928.6824535015,132.537118338532,136.198396617135,174.83068604433308,42.29356770580108,1.6
153-prunin_DHC,153,384.965248,1.64642202,-27.1648827,1.64642202,267.506366,12.1818107,-27.1648827,12.1818107,228.487509,117.45888199999996,39.018857000000025,156.47773899999999,150.230774779751,880.9591230000001,23273555.50592269,220.68206320218138,270.72874510102616,389.54831469679243,168.86625149461105,1.6
155-asp_125,155,229.390558,-1.01400452,-3.83373859,-1.01400452,169.436114,0.987359029,-3.83373859,0.987359029,151.811403,59.954443999999995,17.62471099999999,77.57915499999999,70.79510891038943,550.6380750000001,5897598.251314282,151.57330097213375,169.4664954219137,229.5982786059525,78.02497763381874,1.65
156-asp_85,156,214.724541,-6.00432547,-0.536983586,-6.00432547,171.184502,-0.567095072,-0.536983586,-0.567095072,144.474894,43.54003899999998,26.709608000000003,70.24964699999998,62.30618867541107,530.3839370000001,5305207.212854278,144.45645722886147,170.38716886959355,215.54031090154493,71.08385367268346,1.68
157-trans-cinnamaldehyde,157,200.56657,5.86965921,-8.76212202e-06,5.86965921,107.695488,-7.89904154e-05,-8.76212202e-06,-7.89904154e-05,58.4207429,92.87108200000002,49.2747451,142.14582710000002,125.42964548692409,366.6828009,1259881.9795937636,58.420742899873375,107.32598261403342,200.93607538609328,142.5153324862199,1.7
158-isovanillic_26,158,288.32241,0.622962224,-10.2643236,0.622962224,220.877563,1.82211795,-10.2643236,1.82211795,166.183527,67.44484699999998,54.69403600000001,122.13888299999999,107.50009048749905,675.3835,10558907.727128003,165.26421942140024,220.9370580991175,289.1822224794823,123.91800305808204,1.7
161-isovanillic_17,161,297.961013,-6.59388056,1.65522555,-6.59388056,200.269335,7.80355602,1.65522555,7.80355602,153.197578,97.69167799999997,47.07175700000002,144.763435,129.14827425217717,651.427926,9116150.983117219,151.8880051529499,201.12704530143455,298.4128755456155,146.52487039266563,1.7
162-asp_95,162,195.782694,-1.49572525,3.38876118,-1.49572525,176.116752,2.12529291,3.38876118,2.12529291,154.53888,19.665942,21.577871999999985,41.243813999999986,36.488577842480424,526.438326,5325321.110168647,154.03466524483125,176.25715340463472,196.14650735053402,42.11184210570278,1.71
163-asp_166,163,237.357983,1.35126616,-1.83885975,1.35126616,176.310021,5.24244786,-1.83885975,5.24244786,158.620922,61.047961999999984,17.689099,78.73706099999998,72.23373925176466,572.288926,6630626.85504654,157.12736222420875,177.7358184349007,237.42574534089064,80.29838311668189,1.72
164-gaudichaudioside_A,164,394.642446,4.02977603,-4.62028052,4.02977603,332.301996,16.2179646,-4.62028052,16.2179646,256.566921,62.34045000000003,75.735075,138.07552500000003,123.47192934367222,983.511363,33530643.479855765,253.03891227730816,335.475623482513,394.9968272401789,141.95791496287075,1.74
165-asp_164,165,224.219057,0.177708061,2.91881273,0.177708061,157.341556,-3.94754243,2.91881273,-3.94754243,136.719989,66.877501,20.621567,87.499068,79.68293701061586,518.280602,4818498.21162998,135.89476361197995,158.0694912320001,224.31634715601987,88.42158354403992,1.75
166-asp_187,166,176.475016,-1.10228461,-1.40780635,-1.10228461,132.222837,-1.34621205,-1.40780635,-1.34621205,117.157618,44.25217900000001,15.065218999999999,59.31739800000001,53.54355842228388,425.855471,2733030.6473373286,117.00041453682768,132.3207886182152,176.53426784495707,59.533853308129395,1.75
168-asp_126,168,207.469184,-5.67369935,-0.528532227,-5.67369935,200.966933,-1.72558455,-0.528532227,-1.72558455,169.945665,6.502251000000001,31.02126800000002,37.52351900000002,36.23051152377225,578.381782,7079635.329068471,169.83061975709794,197.78983773351646,210.7613245093857,40.93070475228777,1.81
169-asp_76,169,178.141676,13.3161764,2.4633782,13.3161764,158.108983,7.51997897,2.4633782,7.51997897,129.739679,20.032692999999995,28.369304,48.401996999999994,49.94253062547512,465.99033799999995,3620676.221837811,127.85441007195705,152.78198491390583,185.35394301413717,57.499532942180124,1.85
170-asp_181,170,203.078398,-0.0476455088,1.52674234,-0.0476455088,158.205199,4.06435377,1.52674234,4.06435377,139.535495,44.873199,18.669703999999996,63.542902999999995,57.065644045337955,500.81909199999996,4479280.206280991,138.6539373007911,159.05003903376007,203.1151156654488,64.46117836465768,1.86
171-asp_75,171,192.245461,-2.52624768,-2.6205071,-2.52624768,138.933297,2.39740243,-2.6205071,2.39740243,131.056411,53.312163999999996,7.876886000000013,61.18905000000001,58.147704781021865,462.23516900000004,3497560.7869633995,130.32842062784405,139.42026119322472,192.48648717893118,62.15806655108713,1.86
174-1p-6p-2Cl-sucrose,174,228.516727,-1.31716815,8.24293657,-1.31716815,191.74621,4.73526225,8.24293657,4.73526225,181.538442,36.77051700000001,10.207767999999987,46.978285,45.9121474796295,601.801379,7935939.050134798,178.34913647007434,193.52445309788683,229.9277894320387,51.578652961964366,1.89
176-asp_23,176,214.293921,2.96626691,-4.97650153,2.96626691,170.08499,3.55932099,-4.97650153,3.55932099,152.441286,44.20893100000001,17.643704000000014,61.85263500000002,56.430828294742625,536.820197,5547833.876935512,151.27738303575825,170.69061322548404,214.85220073875783,63.57481770299958,1.9
177-isovanillic_21,177,294.014573,4.56976758,-18.3757587,4.56976758,247.110024,0.722929591,-18.3757587,0.722929591,125.700897,46.904548999999975,121.40912700000001,168.313676,153.98725568826276,666.8254939999999,9046325.128347151,123.70621396339547,246.71720778211508,296.40207225448927,172.6958582910938,1.9
178-asp_161,178,173.231749,2.85256249,1.73723892,2.85256249,144.454647,1.47466658,1.73723892,1.47466658,121.253483,28.777102000000014,23.20116399999999,51.978266000000005,45.54192720406206,438.939879,3032478.3425625036,121.1134866671732,144.24748678212592,173.57890555070094,52.46541888352773,1.92
181-dulcoside-A,181,505.305409,19.4187584,-10.9094398,19.4187584,388.863444,3.68386022,-10.9094398,3.68386022,365.663608,116.44196499999998,23.199836000000005,139.641801,135.37881199437942,1259.832461,71658411.51761112,363.63486110915113,387.0161625507393,509.18143734010977,145.54657623095864,1.93
182-rebaudioside-C,182,596.004532,-11.4222157,-13.046769,-11.4222157,498.992797,5.82261443,-13.046769,5.82261443,396.628033,97.01173500000004,102.36476399999998,199.37649900000002,175.5681323301666,1491.625362,117802802.39653534,395.52803618066554,497.84365813890963,598.253667680425,202.72563149975946,1.93
183-asp_189,183,183.587571,0.947571581,3.78976042,0.947571581,151.591267,-5.60255578,3.78976042,-5.60255578,126.010861,31.99630400000001,25.580405999999982,57.57670999999999,51.347302842847164,461.189699,3498823.456881033,124.5793844956637,152.76378980823972,183.84652469609657,59.26714020043286,1.95
184-asp_163,184,172.281064,-2.29629745,-0.917481317,-2.29629745,156.341528,1.62777019,-0.917481317,1.62777019,140.669632,15.939535999999976,15.671896000000004,31.61143199999998,27.852702774102323,469.29222400000003,3787569.2219993635,140.48773081661668,156.15868370771614,172.6458094756672,32.15807865905052,1.96
185-asp_92,185,224.283059,-3.55516312,3.43602484,-3.55516312,137.626181,1.16287323,3.43602484,1.16287323,146.543757,86.656878,-8.917575999999997,77.73930200000001,83.02747465697608,508.452997,4519589.767239263,137.29450237804957,146.58290152201218,224.5755930999382,87.28109072188863,1.96
187-asp_78,187,206.266003,4.59435404,1.46456338,4.59435404,149.447083,-2.7062395,1.46456338,-2.7062395,145.048811,56.81892000000002,4.3982719999999915,61.21719200000001,59.911349784238816,500.761897,4466323.933725603,143.58251807835364,150.51913677200105,206.6602421496453,63.07772407129167,1.98
188-asp_91,188,182.257311,3.50310389,0.751512595,3.50310389,154.391031,-0.38022473,0.751512595,-0.38022473,136.533182,27.86627999999999,17.857848999999987,45.72412899999998,40.398111206423536,473.18152399999997,3840101.7106520054,136.5099556175276,153.97003760843873,182.70153077403373,46.19157515650613,1.99
189-asp_79,189,180.722585,2.46969628,-11.1985228,2.46969628,175.514425,14.3779714,-11.1985228,14.3779714,139.908265,5.208160000000021,35.60615999999999,40.81432000000001,49.95060821839059,496.14527499999997,4376789.6531111635,132.15780689425696,180.04064883298534,183.9468192727577,51.78901237850073,1.99
190-neoeriocitrin_DHC,190,468.785257,27.6581001,8.45454835,27.6581001,319.54059,-0.965365791,8.45454835,-0.965365791,354.093509,149.244667,-34.552918999999974,114.69174800000002,144.30239571639862,1142.419356,52747162.09232328,314.42782964100866,353.6926178210443,474.298908537947,159.87107889693834,2.0
191-naringin_DHC,191,452.346415,5.94720031,-6.74157377,5.94720031,374.924316,-20.3149522,-6.74157377,-20.3149522,302.253237,77.422099,72.67107899999996,150.09317799999997,135.58082638522504,1129.523968,51048056.849938475,296.79685935048167,379.45842398479755,453.2686846647206,156.4718253142389,2.0
193-isovanillic_25,193,276.064207,-0.0789858208,-1.58345696,-0.0789858208,202.46487,3.80266421,-1.58345696,3.80266421,120.456501,73.59933700000002,82.00836899999999,155.607706,135.01451058728946,598.985578,6728212.3963013515,120.26456698040165,202.640504171168,276.0805068484305,155.81593986802886,2.0
194-phyllodulcin_2,194,288.882646,-0.96909159,2.55029409,-0.96909159,189.102126,2.14417365,2.55029409,2.14417365,134.81272,99.78052000000002,54.289405999999985,154.069926,135.4866738604367,612.797492,7361897.489454836,134.6847774652535,189.1791342647037,288.9335802700428,154.2488028047893,2.0
195-isovanillic_16,195,278.529573,2.19947974,-6.07056425,2.19947974,164.001051,1.44557737,-6.07056425,1.44557737,139.163707,114.52852200000004,24.837344,139.36586600000004,129.26560939910703,581.6943309999999,6349541.227536435,138.8055634492601,164.05558362402968,278.8331839267103,140.02762047745023,2.0
201-1p-4p-6p-3Cl-sucrose,201,226.841212,0.40203259,8.55674374,0.40203259,204.498021,0.661908455,8.55674374,0.661908455,191.0437,22.34319100000002,13.454320999999993,35.79751200000001,34.67423035665814,622.3829330000001,8847147.140666319,189.08341219314508,204.50619287193078,228.79332793492404,39.70991574177896,2.0
202-hesperinin_glucoside_DHC,202,338.084266,-25.7249813,28.4723636,-25.7249813,313.488853,16.6185478,28.4723636,16.6185478,252.409364,24.595413000000008,61.079488999999995,85.674902,105.27959167586164,903.982483,26212878.99796901,236.39743426643628,310.71303240399016,356.8720163295737,120.4745820631374,2.0
203-asp_197,203,207.256999,1.21793286,1.48590571,1.21793286,176.413704,2.83987106,1.48590571,2.83987106,165.929667,30.843295000000012,10.484037,41.32733200000001,37.680957470054075,549.60037,6064585.383740252,165.1787450115994,177.05471489316707,207.36691009523352,42.18816508363412,2.03
206-rubusoside_A,206,482.328769,-5.94092961,0.720291513,-5.94092961,386.52169,6.30020011,0.720291513,6.30020011,363.630919,95.80707900000004,22.890770999999972,118.69785000000002,110.10267774589664,1232.481378,67759671.7677131,361.9717346857752,387.8129666808429,482.696676633382,120.72494194760685,2.06
207-asp_24,207,221.199256,-5.4179986,3.93291387,-5.4179986,189.38623,6.28849776,3.93291387,6.28849776,160.997443,31.81302599999998,28.388787000000008,60.20181299999999,54.536485427605236,571.582929,6727849.09223994,159.26395395326506,190.08635078354806,222.23262426318686,62.968670309921805,2.07
208-isovanillic_24,208,274.860753,0.547888813,-0.122711934,0.547888813,209.229478,1.77174999,-0.122711934,1.77174999,115.235781,65.63127499999999,93.993697,159.62497199999999,139.0020450393403,599.326012,6626190.492844297,115.20228514336453,209.2583274274403,274.8653994291953,159.66311428583077,2.08
209-hematoxylin,209,276.992648,-2.41164554,1.46053829,-2.41164554,225.832383,2.23172174,1.46053829,2.23172174,123.074921,51.16026499999998,102.75746199999999,153.91772699999996,135.91304964165482,625.899952,7696224.649891615,123.01161181953324,225.77035048777853,277.117989692688,154.10637787315477,2.08
210-asp_83,210,207.406902,-5.88555086,-4.85186131,-5.88555086,162.514883,2.99283676,-4.85186131,2.99283676,163.928373,44.892019000000005,-1.413489999999996,43.47852900000001,46.4246585431443,533.850158,5514294.91459537,160.07941465814858,165.00166700682544,208.76907633502591,48.689661676877336,2.08
211-4-1p-2Cl-sucrose,211,231.114516,-4.39252575,-2.23651239,-4.39252575,195.605519,-1.82443924,-2.23651239,-1.82443924,177.584191,35.50899700000002,18.021327999999983,53.530325000000005,48.04634178315844,604.304226,8022887.426548917,177.26729497188887,195.31312203961724,231.7238089884939,54.45651401660501,2.08
213-asp_82,213,221.927441,-5.32900443,0.887801485,-5.32900443,164.968911,-0.01382159,0.887801485,-0.01382159,151.376456,56.958529999999996,13.592455000000001,70.550985,65.5041620109998,538.2728079999999,5537634.075652453,151.36507125476462,164.47497721637825,222.4327595288571,71.06768827409249,2.08
214-asp_188,214,191.03424,0.848443276,-0.299036474,0.848443276,144.826131,-4.28753252,-0.299036474,-4.28753252,127.852867,46.20810900000001,16.973264,63.18137300000001,57.141579457638755,463.713238,3533658.710337163,126.83116106309423,145.82999245678948,191.05208448011618,64.22092341702195,2.1
215-acesulfame_potassium_CH3_CH3,215,111.665814,-6.53304839,-2.9585953,-6.53304839,110.649139,0.0425492126,-2.9585953,0.0425492126,70.572281,1.0166749999999922,40.076858,41.093532999999994,42.45280636621341,292.88723400000003,867992.602812755,70.35578035517676,104.71802879396462,117.81342485085865,47.45764449568189,2.11
216-asp_19,216,251.532689,5.18572951,0.377907048,5.18572951,174.169624,15.1645586,0.377907048,15.1645586,163.526253,77.363065,10.643371000000002,88.00643600000001,87.70817693004416,589.228566,7101773.110898449,152.70300678531206,184.62430714938048,251.9012520653074,99.19824527999535,2.11
217-asp_22,217,210.759856,5.10171882,1.97822682,5.10171882,175.649278,-6.57401969,1.97822682,-6.57401969,150.095013,35.110578000000004,25.554265000000015,60.66484300000002,54.79483657391575,536.504147,5542654.600407318,148.34490782438877,176.6554002836367,211.5038388919745,63.15893106758574,2.11
218-asp_61,218,228.863628,-1.42105674,-4.46886746,-1.42105674,164.88753,8.16053361,-4.46886746,8.16053361,169.729099,63.97609800000001,-4.841568999999993,59.134529000000015,63.81528559185062,563.480257,6386252.938890204,158.76215041240002,175.45365895041456,229.26444763718547,70.50229722478545,2.11
219-asp_88,219,216.480094,-4.12537772,8.03419886,-4.12537772,172.187296,-2.34133236,8.03419886,-2.34133236,172.122128,44.292798000000005,0.06516799999999989,44.357966000000005,47.179333020096145,560.789518,6400798.110221379,169.56395014990267,172.90193686044137,218.32363098965598,48.759680839753315,2.13
220-asp_192,220,197.87988,2.83269069,1.21675491,2.83269069,156.721402,4.73203432,1.21675491,4.73203432,145.111654,41.158478,11.609748000000025,52.76822600000003,49.01363535924648,499.712936,4494409.630692407,143.4265717134564,158.1674183998951,198.1189458866485,54.69237417319209,2.15
221-asp_193,221,213.973517,-3.36959177,0.553182882,-3.36959177,170.759876,-3.05372773,0.553182882,-3.05372773,151.112628,43.213640999999996,19.64724799999999,62.860888999999986,56.26205189378924,535.846021,5517615.005307985,150.6489105433602,170.95257181256764,214.24453864407215,63.59562810071196,2.15
222-asp_64,222,202.889378,8.19833606,2.59910393,8.19833606,172.776586,3.07956857,2.59910393,3.07956857,168.523809,30.112791999999985,4.252777000000009,34.365568999999994,36.101035128889166,544.1897730000001,5893236.58648716,166.82234489798148,172.09691934224222,205.27050875977613,38.448163861794654,2.15
223-asp_65,223,238.381042,-9.41263118,-5.31376959,-9.41263118,183.051845,-6.12470808,-5.31376959,-6.12470808,174.926162,55.32919700000002,8.125682999999981,63.45488,63.560772072894586,596.359049,7602872.113463643,170.3737713595307,185.76762652841364,240.2176511120556,69.84387975252488,2.15
224-phyllodulcin_5,224,318.785981,-6.42727472,3.04364264,-6.42727472,206.127734,-0.456893307,3.04364264,-0.456893307,152.491282,112.65824699999999,53.63645199999999,166.29469899999998,147.52520250757837,677.4049970000001,10012040.915840354,152.43344047345474,205.76374162289258,319.2078149036526,166.77437443019787,2.18
225-isovanillic_18,225,227.085171,0.332724425,-14.5805957,0.332724425,156.672691,1.72684993,-14.5805957,1.72684993,161.274759,70.41248000000002,-4.602068000000003,65.81041200000001,72.81560828689236,545.032621,5703821.187521093,155.51604154208977,159.34568007537462,230.17089938253577,74.654857840446,2.18
227-acesulfame_potassium_H_CH3CH2,227,111.050732,-7.78653538,-3.94752729,-7.78653538,110.199189,-1.52818399,-3.94752729,-1.52818399,74.4955597,0.8515429999999924,35.7036293,36.555172299999995,39.2622312150929,295.74548070000003,905067.162187926,73.91575055313851,103.33004855836339,118.4996815884981,44.5839310353596,2.18
228-asp_80,228,184.843183,2.72460202,-9.07829302,2.72460202,156.648466,0.470396223,-9.07829302,0.470396223,144.046871,28.194716999999997,12.601595000000003,40.796312,39.739414525388646,485.53852000000006,4156891.179070382,142.0450328184203,156.50393715611196,186.9895500254678,44.94451720704748,2.18
229-acesulfame_potassium_H_CH3,229,92.4846738,1.79572994,3.15448943,1.79572994,103.288787,1.07947782,3.15448943,1.07947782,61.8747194,-10.804113200000003,41.4140676,30.6099544,37.78139421234653,257.6481802,589743.4160421838,61.53392031965822,92.47474969381177,103.63951018653003,42.10558986687181,2.19
230-4-4p-6p-3Cl-sucrose,230,236.405679,-11.2944234,-4.40133632,-11.2944234,202.413725,1.98872967,-4.40133632,1.98872967,187.345696,33.99195399999999,15.068028999999996,49.05998299999999,48.44958827939915,626.1650999999999,8936263.225937815,186.87967965458748,199.03570136734982,240.24971897806265,53.37003932347517,2.2
231-asp_165,231,195.21234,1.87742893,-4.01910808,1.87742893,162.024145,3.17712517,-4.01910808,3.17712517,152.500969,33.18819500000001,9.523176000000007,42.711371000000014,39.968993871094966,509.737454,4818297.1184943495,151.10092995271208,162.975040779895,195.66148326739298,44.5605533146809,2.21
232-asp_62,232,213.614007,-4.76207535,-0.00811284495,-4.76207535,187.863008,1.85753615,-0.00811284495,1.85753615,160.260938,25.75099899999998,27.602069999999998,53.35306899999998,47.05478401574587,561.7379530000001,6426927.444711486,160.13466519777091,187.1347795703048,214.4685082319244,54.33384303415349,2.23
233-asp_86,233,210.977005,-3.10617405,2.15251267,-3.10617405,167.076476,0.976544277,2.15251267,0.976544277,150.466403,43.90052899999998,16.610073,60.51060199999998,54.571492220928086,528.519884,5301394.434399047,150.3188640823952,166.9342314684487,211.26678844915622,60.947924366761015,2.24
234-aspartame,234,200.816079,-9.64808936,15.1847907,-9.64808936,212.049685,-0.73745439,15.1847907,-0.73745439,175.619316,-11.233606000000009,36.43036900000001,25.196763000000004,44.908165015894724,588.48508,7413260.196314462,168.2048329670034,200.86336597189128,219.41688106110539,51.21204809410199,2.25
236-asp_84,236,218.564583,-3.92004457,-1.75194922,-3.92004457,162.010481,1.70736676,-1.75194922,1.70736676,156.271508,56.554102,5.738972999999987,62.29307499999999,60.16575652976177,536.846572,5530023.1992562665,155.79494611406622,162.16101581629516,218.89061006963865,63.095663955572434,2.28
237-isovanillic_22,237,334.748534,-1.35372513,0.00127216032,-1.35372513,161.834017,0.00914205988,0.00127216032,0.00914205988,168.5895,172.91451700000002,-6.755482999999998,166.15903400000002,169.65389365007104,665.172051,9132808.005763449,161.8234071340323,168.58951236986096,334.75913149610665,172.93572436207435,2.3
238-isovanillic_15,238,295.511148,3.17512378,4.18947318,3.17512378,160.739542,-0.359754323,4.18947318,-0.359754323,144.68487,134.771606,16.05467200000001,150.826278,143.7641810926546,600.9355599999999,6868250.88246938,144.55615278240253,160.6778060365679,295.7016011810297,151.14544839862714,2.3
239-isovanillic_10,239,325.777998,-4.16960194,7.30896572,-4.16960194,183.7999,1.20676692,7.30896572,1.20676692,162.32407,141.97809800000002,21.475830000000002,163.45392800000002,154.5473313330193,671.901968,9706445.882675145,161.9090312612042,183.7700531505432,326.2228835882527,164.31385232704852,2.3
241-dulcin,241,203.074626,-0.282913989,0.334886369,-0.282913989,127.803435,0.464539883,0.334886369,0.464539883,80.9890315,75.271191,46.8144035,122.0855945,106.68805198588774,411.8670925,2101895.0170705803,80.98348836751988,127.80700573929433,203.07659839318578,122.0931100256659,2.3
242-isovanillic_1,242,292.126085,2.78529105,0.137098087,2.78529105,162.583257,-0.95376717,0.137098087,-0.95376717,151.215635,129.542828,11.367622000000011,140.91045,135.68058062776413,605.924977,7180515.27606458,151.13520298946983,162.6037339227177,292.18604008781244,141.0508370983426,2.3
244-asp_20,244,225.190429,-0.513636877,-5.17374185,-0.513636877,198.622533,-0.449203171,-5.17374185,-0.449203171,165.717161,26.56789599999999,32.905372,59.47326799999999,52.388383623133336,589.530123,7406771.317716459,165.26318965391835,198.62149826480734,225.64543508127437,60.382245427356025,2.3
245-4-6-1p-6p-4Cl-sucrose,245,254.574789,-4.11871805,7.1378671,-4.11871805,209.082924,-5.0084757,7.1378671,-5.0084757,187.812153,45.49186500000002,21.270770999999996,66.76263600000001,61.38889121609078,651.469866,9976792.689822376,186.1436581395891,209.53637244133498,255.78983541907587,69.64617727948678,2.3
246-asp_211,246,217.94067,-3.01456077,-0.984052339,-3.01456077,194.791828,-2.54389808,-0.984052339,-2.54389808,172.828235,23.148842000000002,21.963593000000003,45.112435000000005,39.70241940700778,585.560733,7333902.994050464,172.49878252928457,194.72572264189105,218.33622782882432,45.83744529953975,2.32
247-4-1p-4p-3Cl-sucrose,247,249.737207,12.3002045,1.4954841,12.3002045,205.944255,-3.62752757,1.4954841,-3.62752757,170.205985,43.792952000000014,35.73827,79.53122200000001,72.52725218329385,625.8874470000001,8724392.88140284,169.7443109715711,203.18426606361777,252.9588699648111,83.21455899323999,2.34
248-rebaudioside-E,248,604.691415,7.03548387,1.85639098,7.03548387,462.442887,9.98207728,1.85639098,9.98207728,423.004346,142.24852800000002,39.43854099999999,181.687069,166.9067850652925,1490.1386479999999,118204399.99296801,420.62161046650607,464.44815664637366,605.0688808871205,184.44727042061442,2.35
249-liquiritin,249,384.213536,20.7508674,-4.6063224,20.7508674,272.193364,14.3334031,-4.6063224,14.3334031,210.964608,112.020172,61.228755999999976,173.24892799999998,158.518531155445,867.371508,21884465.86140443,207.3025887357984,272.11206158674725,387.9568576774544,180.65426894165603,2.4
250-acesulfame_potassium_CH3CH2_CH3,250,126.941176,-6.62388955,0.801874476,-6.62388955,118.092724,0.789341217,0.801874476,0.789341217,83.0608931,8.848451999999995,35.0318309,43.8802829,41.844087732933204,328.0947931,1241343.8832118735,83.02193301432354,114.58800875755746,130.48485132811902,47.462918313795484,2.4
251-isovanillic_7,251,300.630124,8.25018718,1.03916698,8.25018718,190.842885,2.54287257,1.03916698,2.54287257,147.297338,109.78723900000003,43.545547,153.33278600000003,137.68454110364365,638.770347,8438775.577400193,147.14729792526606,190.36664726886738,301.2564018058665,154.10910388060046,2.4
252-phyllodulcin_11,252,230.734292,8.1606951,-7.70747273,8.1606951,172.098939,-4.3278015,-7.70747273,-4.3278015,146.018164,58.63535300000001,26.08077499999999,84.716128,77.98565722836854,548.851395,5774528.672084698,144.83845054378952,171.38197206868944,232.63097238752118,87.79252184373166,2.4
253-asp_212,253,232.25611,4.98514839,-3.79491726,4.98514839,192.4535,5.08359273,-3.79491726,5.08359273,182.769705,39.802610000000016,9.683795000000003,49.48640500000002,47.52632968886089,607.479315,8156023.632325372,180.0150152379179,194.39387311231275,233.0704266497693,53.055411411851395,2.44
254-rebaudioside-A,254,577.585622,-15.7183669,5.36077816,-15.7183669,483.372685,-2.34520583,5.36077816,-2.34520583,423.599552,94.21293699999995,59.77313299999997,153.98606999999993,137.56533834156645,1484.557859,118143053.0374645,423.3578210372492,480.85623111748686,580.3438068452634,156.98598580801422,2.47
255-isovanillic_23,255,298.144255,13.8543476,-3.55856447,13.8543476,161.323745,2.96565856,-3.55856447,2.96565856,147.191745,136.82050999999998,14.132000000000005,150.95251,146.60599307528295,606.6597449999999,7046381.461889366,146.32032364046012,160.73725549556005,299.6021658639798,153.28184222351967,2.48
256-phyllodulcin_7,256,323.033261,1.26846463,4.52682284,1.26846463,180.335908,-0.275367687,4.52682284,-0.275367687,151.337497,142.697353,28.998410999999976,171.69576399999997,159.3987758715658,654.7066659999999,8812123.054183025,151.2149554339562,180.32805188897834,323.1636586770655,171.9487032431093,2.48
257-phyllodulcin_8,257,267.700029,2.40291551,13.8882778,2.40291551,183.063678,-0.286597475,13.8882778,-0.286597475,112.785743,84.63635099999996,70.27793500000001,154.91428599999998,136.55251457445647,563.54945,5491192.81011324,111.54701513519768,183.00189645668502,269.0005384081172,157.45352327291954,2.48
259-rebaudioside-B,259,499.100833,1.80441582,-13.6461693,1.80441582,399.035048,-5.32387092,-13.6461693,-5.32387092,374.241993,100.065785,24.793055000000038,124.85884000000004,117.31259855100005,1272.377874,74444147.99647154,371.81128650443515,399.93653000541866,500.63005749014604,128.8187709857109,2.51
260-rebaudioside-D,260,627.979411,-23.8808686,-9.97176468,-23.8808686,577.114531,-19.0472471,-9.97176468,-19.0472471,492.717574,50.86487999999997,84.39695700000004,135.261837,130.76892693786647,1697.811516,177993471.74771142,487.01522680782546,573.3253262581309,637.4709629340439,150.45573612621843,2.51
262-suosan,262,255.968302,-7.37651129,-14.9846192,-7.37651129,150.549633,-17.1939503,-14.9846192,-17.1939503,111.288324,105.418669,39.261309,144.679978,136.07781623395087,517.806259,4169266.3001347715,103.01612415302037,156.98935255985887,257.80078228712085,154.78465813410048,2.54
263-isovanillic_3,263,245.134383,-16.355064,2.82716091,-16.355064,193.248781,-4.47412883,2.82716091,-4.47412883,154.448674,51.885602000000006,38.800107,90.685709,84.24504297346503,592.8318380000001,7269179.2397461375,153.92851715337272,188.87964183535334,250.0236790112739,96.09516185790119,2.54
264-phyllodulcin_4,264,296.9054,-4.27002389,5.82757361,-4.27002389,194.960443,1.52325926,5.82757361,1.52325926,147.025289,101.94495699999999,47.93515400000001,149.880111,133.19475429226523,638.891132,8500464.242798552,146.73982760355773,194.84663528047818,297.30466911596403,150.5648415124063,2.54
265-isovanillic_2,265,281.983928,0.630655338,6.25629179,0.630655338,174.649938,1.76104925,6.25629179,1.76104925,143.378417,107.33399,31.27152099999998,138.60551099999998,126.42353886838478,600.012283,7053414.813151125,143.00192130580498,174.7399387049218,282.27042298927324,139.26850168346826,2.54
266-saccharin,266,139.297183,0.451325746,-2.47620927e-05,0.451325746,127.434754,-6.25840086e-05,-2.47620927e-05,-6.25840086e-05,69.8157235,11.862428999999992,57.619030499999994,69.48145949999999,64.37998633655997,336.5476605,1239305.7884365993,69.81572349992355,127.41760734979823,139.31432965027815,69.4986061503546,2.57
267-isovanillic_12,267,342.154679,5.97369574,-14.1202414,5.97369574,193.336186,-0.606939158,-14.1202414,-0.606939158,161.832751,148.818493,31.503434999999996,180.32192799999999,168.92012282733924,697.323616,10661032.735242082,160.7331346217425,193.09683371497408,343.49364766328324,182.76051304154075,2.65
268-isovanillic_4,268,282.132439,-8.97996741,-2.14623424,-8.97996741,172.317659,0.752763151,-2.14623424,0.752763151,131.293913,109.81477999999998,41.02374599999999,150.83852599999997,136.0319287868261,585.744011,6371525.455773686,131.25374423920022,171.59641713223314,282.8938496285665,151.64010538936628,2.65
270-asp_213,270,245.43624,1.95387871,3.74064277,1.95387871,219.794986,-5.42190331,3.74064277,-5.42190331,182.051042,25.641254000000004,37.743944,63.385198,56.493384816107735,647.2822679999999,9809797.872667447,181.0418741488224,220.47964281405612,245.76075103712157,64.71887688829918,2.68
272-isovanillic_13,272,326.864529,-9.4052224,-0.730413317,-9.4052224,225.085608,-27.8220562,-0.730413317,-27.8220562,192.694567,101.778921,32.391041,134.169962,131.50676434938197,744.644704,13906458.528095128,176.50800394225564,240.3846344536484,327.752065604096,151.24406166184036,2.7
273-isovanillic_19,273,314.424848,5.12509186,-1.93540941,5.12509186,192.369523,-2.80084184,-1.93540941,-2.80084184,149.553851,122.05532500000001,42.81567199999998,164.870997,148.56021056875207,656.348222,9038818.188741481,149.35587453663018,192.32718854094065,314.66515892242904,165.30928438579886,2.7
274-isovanillic_6,274,300.34719,1.45389881,-0.616405246,1.45389881,192.329426,-3.61954917,-0.616405246,-3.61954917,145.83321,108.017764,46.496216000000004,154.51398,137.47340640564843,638.509826,8419833.518683383,145.5514982566579,192.5887077522531,300.36961999108877,154.81812173443086,2.7
276-asp_207,276,282.584671,2.22779972,-3.16356207,2.22779972,225.636301,-0.575510172,-3.16356207,-0.575510172,212.828739,56.94837000000001,12.80756199999999,69.755932,64.67169052358551,721.049711,13566849.852877552,212.66812256453517,225.56507563019196,282.81651280527296,70.1483902407378,2.76
277-sucralose,277,229.684967,4.00121026,-0.949890797,4.00121026,199.741515,0.325934465,-0.949890797,0.325934465,189.154954,29.943452000000008,10.586560999999989,40.530013,37.10442562108852,618.5814359999999,8674744.307421,189.1155035582587,199.23582662028014,230.23010582146117,41.11460226320247,2.78
279-4-F-1p-4p-6p-3Cl-sucrose,279,226.8772,8.84925999,-1.59131276,8.84925999,203.29714,1.36427604,-1.59131276,1.36427604,186.187602,23.580059999999975,17.109538000000015,40.68959799999999,38.73381256914348,616.361942,8572065.491298985,185.93684653464103,200.56967056202396,229.85542490333492,43.918578368693886,2.78
281-4-1p-6p-3Cl-sucrose,281,221.986727,-4.9991924,-2.1466594,-4.9991924,208.915053,3.09037272,-2.1466594,3.09037272,189.327837,13.071674000000002,19.587216000000012,32.658890000000014,30.463368465315085,620.229617,8772589.487741286,188.7936924272626,207.4899509671495,223.94597360558765,35.15228117832504,2.8
282-isovanillic_20,282,320.193468,13.0805773,-14.1978154,13.0805773,227.874846,2.69665911,-14.1978154,2.69665911,123.854228,92.318622,104.02061799999998,196.33924,173.45290817797516,671.922542,8966448.248061074,122.70668588968604,226.26221475334142,322.9536413569725,200.24695546728648,2.82
283-phyllodulcin_1,283,296.827416,-6.17290982,5.73464992,-6.17290982,192.707212,-2.23437797,5.73464992,-2.23437797,142.532274,104.12020400000003,50.174938,154.29514200000003,137.15216540523045,632.066902,8139865.508394908,142.239462310948,192.41383630410851,297.4136033849435,155.1741410739955,2.85
284-4-1p-6p-3Br-sucrose,284,283.590921,0.184489487,1.01191997,0.184489487,217.426891,-2.10730114,1.01191997,-2.10730114,200.636575,66.16402999999997,16.79031600000002,82.95434599999999,76.07236527299291,701.654387,12369820.250000652,200.36346328180616,217.6872793783584,283.6036443398355,83.24018105802935,2.9
285-asp_200,285,211.937429,-0.0448865206,-11.9304477,-0.0448865206,191.246041,4.44862423,-11.9304477,4.44862423,166.045498,20.691388000000018,25.200542999999982,45.891931,45.50844626957506,569.228968,6698777.39410235,162.4827059459846,191.8406866696881,214.90557538432756,52.42286943834296,2.92
286-asp_63,286,220.802585,3.21344021,-6.15930641,3.21344021,200.063094,4.72361111,-6.15930641,4.72361111,177.175842,20.739490999999987,22.887252000000018,43.626743000000005,40.50123472168958,598.041521,7812112.075325261,175.2601976384463,200.82436964639933,221.9569537151544,46.69675607670811,2.95
287-4p-F-4-1p-6p-3Cl-sucrose,287,231.617786,8.51716642,-2.09304669,8.51716642,213.610781,-2.10985528,-2.09304669,-2.10985528,165.274254,18.007004999999992,48.33652699999999,66.34353199999998,61.44258724686408,610.502821,8163237.311814104,165.1367732245586,210.2516045238532,235.1144432515882,69.9776700270296,3.0
288-4-F-1p-4p-6p-3Br-sucrose,288,259.008487,5.77802633,9.53740269,5.77802633,224.132053,-3.51999837,9.53740269,-3.51999837,201.570718,34.87643399999999,22.561335000000014,57.437769,54.05971214515079,684.711258,11670890.03226338,199.23805930865606,224.2043797280737,261.2688189632703,62.03075965461423,3.0
289-6-chloro-tryptophan,289,204.974969,-0.0591729561,14.7095897,-0.0591729561,183.693623,5.5193542,14.7095897,5.5193542,104.481295,21.281345999999985,79.212328,100.49367399999998,95.6752316876379,493.149887,3887991.5082986206,102.00589789259692,184.03747369834414,207.1065154090589,105.10061751646197,3.0
290-homoeohesperidin_DHC,290,518.199903,-18.9566526,-8.49435113,-18.9566526,389.430628,21.9681647,-8.49435113,21.9681647,330.059522,128.76927499999994,59.371106,188.14038099999993,174.62518576902482,1237.690053,66217257.22376788,322.79104757662896,393.2595347376933,521.6394706856776,198.8484231090486,3.0
292-asp_204,292,261.433572,-5.24375556,8.28879896,-5.24375556,217.148943,-0.644458362,8.28879896,-0.644458362,173.480304,44.284629000000024,43.66863900000001,87.95326800000004,78.04983879732198,652.062819,9828739.207917048,172.70543996269603,216.53881642620536,262.8185626110985,90.11312264840248,3.02
293-neohesperidin_DHC,293,425.906974,6.47462755,3.09802275,6.47462755,406.824018,-17.3401275,3.09802275,-17.3401275,346.94551,19.082955999999967,59.87850800000001,78.96146399999998,78.41460048533443,1179.676502,59967760.08181469,342.02496851215227,409.68817114046016,427.9633623473876,85.93839383523533,3.04
294-asp_214,294,257.698411,3.41214869,-3.21650872,3.41214869,234.016197,3.04164408,-3.21650872,3.04164408,186.238571,23.682214000000016,47.777626,71.45984000000001,63.78675118467275,677.953179,11224188.828049596,185.88179162200214,233.7847387220107,258.28664865598705,72.40485703398491,3.09
295-monatine,295,228.374508,-7.79636546,-24.8627553,-7.79636546,202.432415,-3.95750813,-24.8627553,-3.95750813,146.927288,25.942093,55.50512699999999,81.44721999999999,85.30847459306318,577.734211,6653331.089238396,139.37788310487196,201.7669509434607,236.58937695166742,97.21149384679546,3.11
296-hernandulcin,296,244.366373,14.5844558,-8.19025876,14.5844558,168.18338,-4.67575775,-8.19025876,-4.67575775,157.990206,76.18299300000001,10.193173999999999,86.37616700000001,87.1162666919669,570.539959,6444025.981950594,156.09026299800826,166.5042629572364,247.9454330447553,91.85517004674705,3.13
297-asp_201,297,222.809938,-3.64516293,-0.37759476,-3.64516293,199.634514,7.22687924,-0.37759476,7.22687924,183.098022,23.175423999999992,16.53649200000001,39.711916,37.2930124987799,605.542474,8130223.096583098,180.3642918652528,201.7519466461842,223.42623548856298,43.061943623310185,3.14
298-4beta_10alpha-dimethyl-1_2_3_4_5_10-hexahydrofluorene-4alpha_6alpha-dicarboxylic_acid,298,232.729601,-1.18112569,-7.58862129,-1.18112569,216.163788,4.61922962,-7.58862129,4.61922962,165.770322,16.56581299999999,50.39346600000002,66.95927900000001,62.36741817491478,614.663711,8321963.106701825,164.53560360814464,216.3845456496642,233.74356174219105,69.20795813404641,3.19
300-perrilartine,300,185.911741,-4.83614977,-3.4852532,-4.83614977,116.869576,1.38612445,-3.4852532,1.38612445,106.545399,69.04216500000001,10.324176999999992,79.366342,75.48895771507499,409.32671600000003,2310735.3019905854,106.25918618335376,116.6587726350387,186.40875718160746,80.1495709982537,3.3
301-4-O-n-propyl_glycosides_DHC,301,554.310054,5.09727812,-2.29634622,5.09727812,446.494061,7.61900714,-2.29634622,7.61900714,299.658736,107.81599300000005,146.835325,254.65131800000006,222.00002600622992,1300.462851,74121886.67574358,299.23881489046806,446.65881427557383,554.5652218339583,255.3264069434902,3.3
302-isovanillic_9,302,323.95175,-0.7463581,-0.380362228,-0.7463581,173.265867,1.73841061,-0.380362228,1.73841061,151.508143,150.68588300000002,21.757723999999996,172.44360700000001,162.6941521199236,648.72576,8503031.37723904,151.3695282561036,173.39990762584648,323.9563241180498,172.5867958619462,3.3
303-alitame,303,255.951048,0.508815273,-0.0583309996,0.508815273,219.817415,1.82082626,-0.0583309996,1.82082626,194.060726,36.133632999999975,25.756689000000023,61.890322,53.94870082691997,669.829189,10917441.478396198,193.93250048818956,219.93845976313702,255.95822874867346,62.0257282604839,3.3
304-4-1p-4p-6p-4Cl-sucrose,304,258.403466,0.887576967,7.46376994,0.887576967,214.494338,-0.849030098,7.46376994,-0.849030098,179.491589,43.90912799999998,35.002748999999994,78.91187699999998,69.7265635576641,652.3893929999999,9936227.295946421,178.7677244389904,214.50395144517907,259.11771711583066,80.34999267684026,3.32
305-4p-Br-4-1p-6p-3Cl-sucrose,305,246.266033,4.20238198,-2.13038952,4.20238198,220.268465,4.58716098,-2.13038952,4.58716098,199.383047,25.997568,20.885417999999987,46.88298599999999,42.24649287953187,665.917545,10805676.934861155,198.23672161043515,220.71101194970535,246.96981143985948,48.73308982942433,3.51
307-P4000,307,206.252545,-4.71107748,4.84901794e-05,-4.71107748,148.499712,6.18945829e-05,4.84901794e-05,6.18945829e-05,82.840348,57.75283300000001,65.65936399999998,123.41219699999999,107.26201022484534,437.592605,2535432.3413904565,82.8403479999189,148.11793852009572,206.63431847998547,123.79397048006656,3.6
309-neotame,309,322.108062,10.2357917,-4.57912197,10.2357917,251.497383,10.287111,-4.57912197,10.287111,232.957296,70.610679,18.540087,89.150766,85.63541483523287,806.5627410000001,18806983.48411029,227.62687486305867,255.26701790509497,323.66884823184637,96.0419733687877,3.89
310-isovanillic_11,310,341.65858,-1.10501926,-6.12211285,-1.10501926,197.766294,1.90182247,-6.12211285,1.90182247,159.655852,143.89228599999998,38.11044199999998,182.00272799999996,166.63777832668404,699.0807259999999,10778897.300327372,159.35970297021078,197.84727088831676,341.8737521414725,182.51404917126172,4.0
311-asp_215,311,291.26701,0.54435784,0.392225163,0.54435784,281.685511,5.02593248,0.392225163,5.02593248,241.950668,9.581499000000008,39.73484300000001,49.31634200000002,46.13580734940315,814.9031890000001,19843540.798119906,241.3227359867816,282.2728516933415,291.30760131987677,49.98486533309517,4.05
312-superaspartame,312,398.042737,37.8606208,-17.1610708,37.8606208,301.044508,23.8790468,-17.1610708,23.8790468,236.414707,96.99822899999998,64.62980100000001,161.62803,163.5513905394271,935.501952,27643699.855749495,223.70038566186108,300.3066820242051,411.49488431393405,187.79449865207297,4.15
313-carrelame,313,382.884825,15.9415031,-10.907793,15.9415031,349.973271,-2.76664693,-10.907793,-2.76664693,229.892891,32.91155399999997,120.08038000000002,152.991934,143.5158436260964,962.7509869999999,30703490.62059225,229.0967809950272,343.5379369129951,390.11626909197776,161.01948809695057,5.2
314-bernardame,314,284.131411,-37.6971717,9.97577347,-37.6971717,315.008119,19.6802351,9.97577347,19.6802351,190.070941,-30.876708000000008,124.93717800000002,94.06047000000001,135.7524739087907,789.2104710000001,16585749.728905737,184.35036384192028,263.760853759966,341.0992533981141,156.74888955619383,5.3
315-sucrononic_acid,315,380.033957,40.8138437,-4.15135789,40.8138437,225.176111,6.91598984,-4.15135789,6.91598984,216.69175,154.857846,8.484360999999979,163.34220699999997,174.81221437468864,821.901818,18157942.821406554,208.1182443636226,223.6189468971232,390.164626739254,182.0463823756314,5.3
316-lugduname,316,357.593052,-33.4594654,5.88377734,-33.4594654,257.844609,-6.96426568,5.88377734,-6.96426568,175.057949,99.74844300000001,82.78665999999998,182.535103,169.3197872735392,790.4956099999999,15921433.7530146,174.42030359165378,247.99435148260372,368.0809549257428,193.660651334089,5.35
